user_id,name,email,signup_date,country,source
1,Allison Hill,jillrhodes@miller.com,2023-12-03,USA,Organic
2,Alyssa Gonzalez,shaneramirez@gmail.com,2025-01-15,Germany,Google Ads
3,Melissa Peterson,susanrogers@james.com,2024-09-16,UK,Facebook
4,Andrew Stevens,smiller@montgomery.com,2023-07-11,Canada,Google Ads
5,Patricia Galloway,jamesshawn@martin-kelly.com,2024-12-02,Australia,Google Ads
6,Maria Lynch,frankgray@watts.com,2023-11-30,Israel,Facebook
7,Renee Morales,robinbradley@edwards.info,2023-09-24,Germany,LinkedIn
8,David Hoffman,zhurst@yahoo.com,2023-11-23,Canada,Google Ads
9,Brenda Snyder PhD,courtneyconner@carlson-cruz.org,2024-06-03,Israel,LinkedIn
10,Tricia Valencia,maldonadoamanda@mack-peterson.com,2024-05-08,UK,LinkedIn
11,Aaron Bowen,williamrodriguez@hotmail.com,2024-01-23,USA,LinkedIn
12,Katie Gonzalez,amberosborne@hotmail.com,2025-05-19,Germany,Facebook
13,Fred Smith,john39@gmail.com,2023-08-11,Australia,Google Ads
14,Rose Spence,donnaarroyo@baker.biz,2023-11-17,USA,Facebook
15,Nicole Vaughn,pcarney@yahoo.com,2024-05-11,Israel,Facebook
16,Jocelyn Wright,andrew83@robinson.com,2023-07-28,Australia,Google Ads
17,Shannon Jones,elizabeth38@cummings.org,2024-06-07,Israel,Facebook
18,John Russell,hopkinsmichael@owens-daniel.com,2023-07-23,USA,Google Ads
19,Gerald Hensley,jameswest@white-ford.com,2024-05-15,Germany,LinkedIn
20,Savannah Garcia,housemelinda@russell.com,2025-04-07,UK,Google Ads
21,Anthony Gray,sara74@yahoo.com,2024-11-28,UK,Referral
22,Whitney Peters,jamesrobinson@gmail.com,2024-08-28,Canada,LinkedIn
23,Amy Edwards,hshaw@brown.com,2025-03-28,Canada,Referral
24,Kurt Leonard,kwilson@riley.org,2023-08-08,Israel,LinkedIn
25,Kevin Mills,elizabethedwards@yahoo.com,2024-04-08,Canada,Referral
26,Matthew Bryant,ellisyolanda@jones.net,2023-12-28,Israel,LinkedIn
27,Gregory Jones,justin78@turner.net,2023-06-12,Canada,Facebook
28,Kristen Huynh,josephpreston@tran.com,2023-11-11,USA,Google Ads
29,Sarah Wagner,davisrodney@yahoo.com,2023-07-10,Australia,LinkedIn
30,Ray Walsh,joycearnold@yahoo.com,2024-08-14,Australia,Organic
31,Benjamin Ware,davenportbrandi@jordan.com,2024-03-15,Israel,Facebook
32,Rebecca Valencia,evelynestrada@yahoo.com,2025-01-31,UK,Facebook
33,Shelly Dickson,michellecherry@keith.com,2024-12-29,Germany,Facebook
34,Rachel Jenkins,erik16@garrison.com,2025-03-01,Israel,Facebook
35,Hannah Hoover,andrewlee@ramirez-jones.com,2024-03-04,Australia,Google Ads
36,Jennifer Zavala,wilsontara@gmail.com,2024-08-29,Germany,Facebook
37,Deborah Rodriguez,jessica56@hotmail.com,2024-07-07,Germany,Referral
38,Steven Lee,zsmith@mcdaniel.com,2024-03-14,Germany,Organic
39,Travis Mccall,cortezkevin@yahoo.com,2024-11-04,Australia,Facebook
40,James Phillips,robertbentley@adkins.biz,2024-08-04,USA,Google Ads
41,Elizabeth Clark,rramos@gmail.com,2024-07-07,USA,Google Ads
42,Steven Flynn,campbellelizabeth@rogers.com,2023-11-27,Israel,Google Ads
43,Brittany Williams,gibsonolivia@hotmail.com,2023-11-04,Australia,Referral
44,Janet Ross,staffordmichelle@osborne.com,2025-02-19,UK,LinkedIn
45,Kelly Williams,bryantlaurie@schmidt.info,2024-09-23,USA,LinkedIn
46,Stephanie Simmons,juliawells@yahoo.com,2025-01-09,Canada,LinkedIn
47,Mark Cannon,joshuajones@yahoo.com,2023-12-05,Germany,Google Ads
48,Francisco Fernandez,jessebenson@lewis.info,2024-04-23,Israel,Referral
49,Ross Price,wwoods@molina-castaneda.biz,2024-07-28,Australia,Facebook
50,Kimberly Morrison,brobinson@johnson-rogers.biz,2024-12-19,Australia,Google Ads
51,John Anderson,qvargas@miller.com,2025-04-09,Germany,LinkedIn
52,Anthony Gray,wmurphy@ramirez-bean.biz,2023-12-18,Germany,Referral
53,Julie Curry,jeffrey10@herring.com,2024-09-30,USA,LinkedIn
54,Cameron Caldwell,xlyons@jackson-lawson.com,2025-01-30,Canada,Organic
55,Traci Rodriguez,barbara66@gonzalez.com,2023-08-24,UK,Facebook
56,Elizabeth Sutton,reedross@jones-holland.com,2025-03-26,UK,Google Ads
57,John Hamilton,bzimmerman@gmail.com,2024-12-26,Germany,LinkedIn
58,Marie Gilbert,ugraham@hotmail.com,2023-12-31,Germany,Google Ads
59,David Michael,dsanchez@hotmail.com,2024-09-22,Germany,LinkedIn
60,Gabrielle Snyder,tonykelly@yahoo.com,2024-02-25,UK,Facebook
61,Kyle Beard,christophercortez@peters-allen.info,2024-10-19,Canada,LinkedIn
62,Joan Smith,richardsanchez@hotmail.com,2024-08-30,Canada,LinkedIn
63,Juan Cooper,jacqueline44@yahoo.com,2023-12-02,USA,LinkedIn
64,Corey Wilson,javierwashington@lawrence.com,2025-03-13,Australia,Referral
65,Darren White,joshuamccann@carter.info,2023-08-24,USA,Organic
66,Laura Harrison,jack04@yahoo.com,2023-09-02,Germany,Referral
67,Jennifer Jones,edwardhart@miller-wright.net,2025-01-19,Germany,Referral
68,Kyle Montgomery,tkerr@hotmail.com,2024-05-04,USA,Organic
69,Marc Lynch,colleenbaker@moore.net,2023-08-03,UK,LinkedIn
70,Jason Norris,antonio44@hotmail.com,2025-04-03,Australia,Facebook
71,Michael Bradshaw,owilson@hernandez.com,2023-10-12,USA,Organic
72,Linda Holloway,smartinez@yahoo.com,2024-11-30,Australia,Google Ads
73,Dillon Fernandez,georgepamela@hotmail.com,2024-02-11,USA,LinkedIn
74,Allison Perez,barbara27@pearson.org,2024-05-09,UK,Facebook
75,Katherine Davis,qcook@gmail.com,2025-04-02,Israel,Facebook
76,Jason Simpson,gibsonleonard@yahoo.com,2023-09-04,Germany,Organic
77,Jennifer Robertson,mgutierrez@cox.com,2023-11-11,Germany,Referral
78,Carlos Roberts,johnsoncrystal@gmail.com,2024-12-08,Australia,Referral
79,Juan Tran,victoriadurham@valentine-holland.com,2024-06-27,Canada,LinkedIn
80,Dorothy Thornton,pbaird@yahoo.com,2024-08-07,USA,Google Ads
81,Connor Greene,hillkristy@morgan-french.com,2025-03-04,UK,Organic
82,Nicholas Monroe,seanwashington@yahoo.com,2024-08-07,Canada,Google Ads
83,Jamie Cantu,ashleyhall@williams-garner.biz,2024-03-31,Australia,Google Ads
84,Rebecca Pearson MD,waynelawrence@sawyer.com,2024-07-18,Germany,Facebook
85,Alexis Thomas,harrisontanya@hanson-sanders.com,2025-03-28,Australia,Facebook
86,Michael Ferguson,cbrennan@hotmail.com,2023-07-29,Israel,LinkedIn
87,Michael Mitchell,hamiltoncorey@padilla.com,2025-05-07,Israel,Facebook
88,Frederick Brown,ryan38@yahoo.com,2024-08-18,Germany,Organic
89,Catherine Thompson,tyleraguilar@gmail.com,2024-05-29,Canada,Google Ads
90,Julia Estrada,erica21@yahoo.com,2024-02-29,Germany,Facebook
91,Elizabeth Hayden DDS,james67@gmail.com,2023-12-07,USA,Referral
92,Ian Phillips,spencedominique@yahoo.com,2023-06-12,Australia,LinkedIn
93,Melissa Garner,swall@lawson.com,2024-10-12,Israel,LinkedIn
94,David Campos,bergerdebbie@kramer-johnson.com,2024-12-25,Australia,Referral
95,Theodore Murphy,jamesbuchanan@yahoo.com,2024-07-22,USA,Organic
96,Denise Martin,julie51@yahoo.com,2023-08-03,Israel,LinkedIn
97,Vincent Dalton,christopher60@yahoo.com,2024-07-26,USA,Google Ads
98,Jacob Curry,xcarson@gmail.com,2024-11-11,UK,Referral
99,Alexander Henson,deborahreid@yahoo.com,2025-05-12,UK,Organic
100,Marie Wilson,torrestravis@young.com,2024-04-02,Germany,Referral
101,Michael Paul,nicolepena@yahoo.com,2024-09-26,Germany,Google Ads
102,Trevor Johnson,scottsampson@yahoo.com,2023-08-22,USA,Facebook
103,Mrs. Stephanie Newman,hhill@davis-lewis.org,2023-06-22,Australia,Facebook
104,Gavin Zhang,gallegosangela@robinson.com,2025-02-07,UK,Organic
105,April Garrison,amberlindsey@guerrero.com,2023-06-17,Israel,LinkedIn
106,Richard Chapman,josephmartinez@fox-reese.info,2024-05-19,Australia,Organic
107,Kayla Rodriguez,acostaregina@boyd.com,2024-06-12,Canada,LinkedIn
108,Jessica Rodriguez,lammarc@gmail.com,2023-07-27,Australia,Referral
109,Marcus Richards,hvang@yahoo.com,2024-05-23,USA,Facebook
110,Jessica Mcguire,russellbeasley@morgan-chavez.biz,2024-12-23,Australia,Google Ads
111,Jeffery Ortega,gloriawells@gmail.com,2025-03-13,Israel,Google Ads
112,Jeffrey Garner,angelawillis@hotmail.com,2024-08-15,Israel,Google Ads
113,Bryan Gomez,schmittcaroline@yahoo.com,2023-08-25,Germany,LinkedIn
114,Christy Douglas,bellangela@farmer.com,2025-02-21,Israel,LinkedIn
115,Justin Saunders,anthony44@bell-white.com,2024-08-18,Israel,Facebook
116,Andrea Figueroa,reesejason@chavez-moore.com,2024-12-17,Germany,Google Ads
117,Todd Carlson,ericwilliamson@miller.org,2024-05-14,Israel,Google Ads
118,Daniel Hunt,rrodriguez@hotmail.com,2024-09-08,Germany,Organic
119,Mr. Andrew Foster,harrissierra@duran.com,2023-09-07,Canada,Facebook
120,Paul Thompson,vincentwhitaker@yahoo.com,2023-07-31,Australia,Referral
121,Patrick Graham,atkinsbarbara@hotmail.com,2024-04-15,USA,Facebook
122,Jennifer Wilson,george97@gillespie.com,2024-05-09,USA,Organic
123,Kelly Foster,jeffrey21@hotmail.com,2024-10-09,Israel,LinkedIn
124,Jordan Bullock,jessica23@gmail.com,2023-09-27,Israel,LinkedIn
125,Christopher Hernandez,stephanieburton@webster-wolf.info,2024-11-16,USA,Facebook
126,Kristy Reid,edward17@yahoo.com,2024-10-08,Germany,Referral
127,Donald Brown,steven00@decker-jones.com,2024-09-25,UK,Referral
128,Janice Carpenter,kstout@lopez.com,2024-05-20,UK,Google Ads
129,Steven Cooper,benjaminzimmerman@warren-bishop.com,2024-03-21,Canada,Google Ads
130,Jasmine Schroeder,cameron18@hughes.org,2025-04-14,Canada,LinkedIn
131,Brad Alvarado,tammy62@hotmail.com,2024-12-07,UK,Referral
132,Emily Bennett,elizabethcalderon@hotmail.com,2024-11-19,Germany,Organic
133,Anna Santiago,coxhenry@gmail.com,2024-02-26,UK,Google Ads
134,Katelyn Perez,chrisrichard@romero.net,2023-07-05,UK,Referral
135,Sherri Williamson,francisguerra@hotmail.com,2025-02-23,UK,Organic
136,Michelle Williams,tarabishop@hotmail.com,2025-02-03,Canada,Organic
137,Joseph Collins,michealvalentine@yahoo.com,2024-05-29,Australia,Google Ads
138,Paula Shaw,lisasolis@gmail.com,2025-04-14,UK,Facebook
139,Martin Sawyer,mitchellkathryn@cole-palmer.biz,2023-08-16,Israel,LinkedIn
140,Courtney Hayes,perryrandy@yahoo.com,2023-12-06,Canada,Facebook
141,Brad Walker,combsdebra@gmail.com,2023-09-20,Australia,LinkedIn
142,Thomas Kennedy,awest@smith.com,2024-08-05,Australia,LinkedIn
143,Lisa Henderson,kevinwilliams@yahoo.com,2024-10-14,Germany,Referral
144,Joyce Rodriguez,chenbailey@hotmail.com,2023-09-25,UK,Facebook
145,Aaron Gomez,elizabethmiller@yahoo.com,2023-07-28,USA,Facebook
146,Kimberly Hartman,cmarks@hughes.com,2025-02-07,Israel,Referral
147,David Sandoval,dennis58@li-thompson.info,2024-11-27,Germany,LinkedIn
148,Clarence Taylor,carterbradley@gmail.com,2025-04-24,USA,Referral
149,Timothy Robertson,benjamin34@yahoo.com,2025-04-05,Canada,Google Ads
150,Sharon Rivera,samuel67@morgan-lopez.info,2024-03-17,Germany,Facebook
151,Kelly Owen,jordanwanda@gmail.com,2024-08-02,Israel,Google Ads
152,Brian Murphy,sean62@hotmail.com,2024-05-15,USA,Referral
153,Andrew Berg,yhill@gmail.com,2023-08-03,Germany,Google Ads
154,Jennifer Palmer,thomascathy@johnson-jones.com,2024-03-13,Australia,Google Ads
155,Keith Jacobs,nathan19@gmail.com,2024-07-21,Canada,LinkedIn
156,Ernest Ramirez,fitzgeraldvictor@mcintyre-wilson.com,2024-12-03,Canada,Facebook
157,Zachary Mitchell,davidfarrell@yahoo.com,2023-10-18,Israel,LinkedIn
158,Jill Miller,jenna88@yahoo.com,2025-04-28,Canada,Google Ads
159,Christopher Mckinney,william13@young.com,2024-03-12,Israel,LinkedIn
160,Jackie Lara,jonesraymond@higgins.org,2023-08-02,Australia,Organic
161,Evan Jones,david89@gmail.com,2025-01-22,Germany,LinkedIn
162,Jessica Bartlett,holmeskevin@morris.com,2024-02-29,Israel,LinkedIn
163,Kelly Campbell,james84@weber.net,2023-08-17,UK,Google Ads
164,Caroline David,donnale@morgan.com,2023-08-08,Israel,Google Ads
165,Martin Ray,bmontgomery@small-gardner.com,2024-06-15,Germany,Google Ads
166,Robert Sullivan,barkereric@yahoo.com,2024-06-16,Canada,Organic
167,Gerald Thomas,theresa25@hotmail.com,2024-08-15,USA,Organic
168,David Martinez,donaldwilliams@yahoo.com,2025-04-07,Australia,Facebook
169,Danielle Grimes,sarah53@jimenez.info,2024-06-27,Israel,LinkedIn
170,Kathleen Davis,nlevy@hotmail.com,2024-03-06,Canada,LinkedIn
171,Douglas Harper,amanda16@gmail.com,2025-04-21,UK,Referral
172,Jacob Powell,jwilliams@cox.com,2024-04-01,Germany,Referral
173,Pamela Ramirez,theresalong@grant-diaz.com,2023-11-07,Israel,Facebook
174,Jennifer Williams,jenniferbrock@bryant.com,2025-05-29,Germany,LinkedIn
175,Carla Ewing,william88@yahoo.com,2024-12-07,USA,Referral
176,Karen Smith,whitneybrandy@hotmail.com,2025-04-13,USA,Referral
177,Alyssa Wells,silvageorge@griffith.com,2023-06-30,USA,LinkedIn
178,Melody Lee,robert63@yahoo.com,2024-06-29,Australia,Facebook
179,Tami Salas,aprilhoffman@mendoza.info,2025-05-14,Germany,Referral
180,Kimberly Lowe,plee@yahoo.com,2024-08-12,Australia,LinkedIn
181,Todd Hendrix,hannahburns@yahoo.com,2024-03-02,UK,Referral
182,Taylor Griffith,berryamy@yahoo.com,2025-03-02,USA,LinkedIn
183,Raymond Thomas,stephanie15@douglas-burgess.com,2023-11-09,Australia,Organic
184,Denise Hoffman,danielyang@gmail.com,2023-12-11,Germany,Referral
185,Taylor Perez,garciamark@garcia-townsend.com,2024-08-06,Australia,Facebook
186,Brooke Delgado,wsantos@yahoo.com,2024-02-10,UK,LinkedIn
187,Anthony Mack,gentrygregory@peck.biz,2025-02-07,Australia,Google Ads
188,Timothy Hayden DVM,evanscarrie@mitchell-hays.net,2024-07-17,Germany,LinkedIn
189,Todd Rosales MD,riverajessica@scott.com,2024-08-20,Israel,Referral
190,Cheryl Carr,frobertson@yahoo.com,2024-11-06,UK,LinkedIn
191,William Woods,greenjoe@finley-turner.org,2023-06-14,USA,Facebook
192,Ian Young,zparker@shaw.com,2024-11-23,Canada,Referral
193,Thomas Phillips,susanmendoza@adkins-obrien.biz,2024-12-02,USA,Referral
194,Kaitlin Medina,erinlarson@fox.com,2023-08-05,Germany,Organic
195,Ashley Poole,franklinbond@wilson-harris.org,2024-06-19,UK,Referral
196,Jordan Stokes,williambryant@gmail.com,2024-08-13,Israel,Organic
197,Robert Cummings,lisa39@gmail.com,2023-07-11,UK,Organic
198,Michael Weaver,andersenthomas@ortiz-mack.biz,2024-03-22,UK,Google Ads
199,Janet Kane DVM,vegadorothy@hotmail.com,2023-09-17,Germany,Google Ads
200,Hannah White,jessicawalker@gmail.com,2025-01-13,Canada,LinkedIn
201,Edwin Nunez,pmorrow@yahoo.com,2024-02-29,Australia,LinkedIn
202,Colin Golden,pachecorobert@allen.com,2024-09-09,USA,Referral
203,Kyle Warner,joymorales@fernandez.com,2024-07-01,Canada,Organic
204,Cynthia Hendricks DDS,kevinthomas@hotmail.com,2024-07-14,Canada,Facebook
205,Eric Brown,dpeters@david-powers.net,2024-02-08,UK,Organic
206,Jennifer Evans,oallen@mathews-thomas.info,2025-05-16,UK,LinkedIn
207,Jason Butler,nsanchez@lucas-nielsen.com,2023-08-16,UK,Facebook
208,Sandra Williams,russojacob@hotmail.com,2024-12-19,USA,Facebook
209,Claire Clark,susan03@gmail.com,2025-01-01,Germany,Organic
210,Zachary Mendoza,randyallen@rowe-james.net,2024-10-21,Israel,LinkedIn
211,Dennis Hunt,ugarcia@yahoo.com,2025-01-17,Germany,Facebook
212,Suzanne Wood,hartjeffrey@gmail.com,2023-06-18,UK,LinkedIn
213,Timothy Riley,elijah53@yahoo.com,2024-08-21,UK,Referral
214,Kathryn Pena,kathryn77@yahoo.com,2023-10-14,Israel,Organic
215,Heather Taylor,sabrinaweaver@hotmail.com,2023-07-21,Germany,LinkedIn
216,Sara Jones,gutierrezmegan@jones.com,2023-11-22,Israel,Facebook
217,Jacqueline Williamson,ismith@hotmail.com,2024-04-20,Germany,Facebook
218,Joseph Hill,shawheidi@yahoo.com,2025-02-21,Canada,LinkedIn
219,Cassie Hull,jamesfox@adams-sanders.com,2024-04-16,Israel,Organic
220,David Terry,valdezmichele@gmail.com,2023-08-17,UK,LinkedIn
221,James Alvarez,christopherbruce@mueller.com,2025-05-01,UK,Referral
222,Amanda Lewis,brandon14@hotmail.com,2024-08-16,USA,Facebook
223,Cassie Jefferson,brendagoodwin@nicholson.org,2023-12-09,Germany,LinkedIn
224,Sarah Rhodes,icampos@hotmail.com,2024-12-19,USA,LinkedIn
225,Patrick Reed,ehall@jacobs-austin.org,2024-04-09,USA,Referral
226,Erin Walters,jperez@yahoo.com,2024-05-06,USA,Organic
227,Kevin James,jennifermiller@gmail.com,2024-03-27,Germany,Facebook
228,Madison Singh,daniel04@yahoo.com,2024-03-11,Canada,Organic
229,Ashley Miller,ghawkins@yahoo.com,2023-08-25,Israel,Google Ads
230,Hector Davis,asmith@yahoo.com,2025-01-31,UK,Facebook
231,Steven Stein,ginajackson@turner-snyder.com,2023-10-13,Germany,Google Ads
232,Jason Washington,johnathan37@jensen.com,2024-04-08,Israel,Google Ads
233,Manuel Brock,pcook@hotmail.com,2023-09-19,Israel,LinkedIn
234,Larry Dominguez,gregory65@yahoo.com,2024-12-27,Germany,Organic
235,Katherine Johnston,nicholas65@frederick.org,2024-08-02,Israel,Google Ads
236,Randall Johnson,samuelcarter@hotmail.com,2023-07-29,Germany,Organic
237,Rebecca Ortiz,cynthiaallen@hotmail.com,2023-10-03,USA,Referral
238,Rachel Jones,sferguson@yahoo.com,2024-08-01,USA,Referral
239,Warren Miles,mackdiane@jackson-salazar.org,2024-10-19,UK,Organic
240,Jennifer Goodwin,smithjonathan@hotmail.com,2025-01-06,USA,Referral
241,Lauren Johnston,peter98@gmail.com,2024-02-28,Israel,Organic
242,Mrs. Elizabeth Knapp MD,larry73@webb.info,2024-02-08,Australia,Facebook
243,Andrew Page,deborah23@thompson.info,2023-12-03,Israel,LinkedIn
244,Lori Lopez,njohnson@gmail.com,2024-05-20,USA,Google Ads
245,Jasmine Bush,karen19@lloyd.com,2024-03-16,USA,Referral
246,Jim Baker,candice96@hotmail.com,2023-09-02,UK,Organic
247,Ryan Williamson,powerslawrence@gmail.com,2024-01-29,Canada,LinkedIn
248,James Thomas,kcarlson@yahoo.com,2024-04-29,Canada,Facebook
249,Mark Steele,tracytaylor@wilkinson-harvey.com,2023-06-13,USA,Referral
250,Mr. James Hoffman,acohen@hotmail.com,2025-03-19,UK,Referral
251,Christopher Cunningham,antonio38@jackson-ellis.info,2024-08-05,USA,Google Ads
252,Laura Adams,wolfscott@gmail.com,2024-05-01,UK,Facebook
253,Ronald Potter,colemichael@gmail.com,2024-05-12,Australia,LinkedIn
254,Autumn Cain,michelle96@jensen.com,2025-02-20,Israel,Google Ads
255,Gregory Campbell,tiffany44@adams.com,2023-09-19,USA,Facebook
256,Rachel Sellers,jacquelineanderson@gmail.com,2024-12-09,Canada,LinkedIn
257,David Bridges,othomas@yahoo.com,2024-10-05,USA,LinkedIn
258,Jesse Schultz,rrobertson@mayer.com,2024-08-31,Canada,Organic
259,Raymond Oconnor,melissa86@gmail.com,2024-05-04,Australia,Organic
260,Kathleen Morris,amy29@yahoo.com,2025-02-07,Germany,Facebook
261,Michael Williams,ksmith@bryant-braun.biz,2023-11-10,USA,LinkedIn
262,Susan Khan MD,penajohn@yahoo.com,2024-11-03,Germany,Organic
263,Carol Sanders,rubendavis@gmail.com,2023-06-06,Canada,Facebook
264,Blake Wheeler,smithmatthew@gmail.com,2025-04-04,UK,Google Ads
265,Carlos Jones,crosscurtis@yahoo.com,2024-03-17,Canada,Referral
266,Breanna Ayala,caseyelliott@santos.com,2025-05-20,USA,LinkedIn
267,Michael Heath,taylordavid@cruz.com,2023-12-15,Canada,LinkedIn
268,Bradley Tran,abbottdominique@yahoo.com,2023-11-12,Canada,LinkedIn
269,Katrina Adkins,bowerslaura@gmail.com,2024-06-24,USA,Facebook
270,David Little,hatfieldsarah@hughes.biz,2024-03-15,Israel,Google Ads
271,Carrie Ruiz,matthewsalexander@williams.biz,2024-07-03,Australia,Facebook
272,Micheal Wang,imiller@hotmail.com,2024-09-26,Germany,Referral
273,Bradley Miller,amandamyers@hines.com,2024-11-29,Australia,Google Ads
274,Troy Allen,middletondarren@lynch.com,2023-09-06,Germany,Google Ads
275,Chad Smith,alexandra42@yahoo.com,2023-09-12,Germany,Organic
276,Shelley Quinn,rogersruben@brown.com,2024-06-25,Australia,Google Ads
277,Ian Porter,eric19@sharp.com,2025-04-02,Canada,Referral
278,Dana Ruiz,haroldhorne@gmail.com,2024-08-08,UK,Google Ads
279,Michelle Rios,john54@duncan.net,2024-11-09,Germany,LinkedIn
280,Cassie Brock,djones@ayala-collins.com,2024-08-08,Germany,Organic
281,Jacob Carter,stevenvargas@yahoo.com,2025-01-26,Australia,Facebook
282,Morgan Payne,adamortiz@weaver.com,2024-02-21,Australia,Facebook
283,Matthew Sweeney,harristonya@yahoo.com,2024-06-22,Australia,Organic
284,Valerie Thomas,williamsjesse@hotmail.com,2024-04-21,UK,Google Ads
285,Jacqueline Villegas,wagnerdana@jones-bradley.biz,2024-11-01,Australia,Facebook
286,Cynthia Green,vhaynes@yahoo.com,2024-02-08,USA,Referral
287,David Harding,moorefrank@edwards-martinez.com,2025-01-24,UK,Google Ads
288,Eric Baker,mooregina@terry.com,2023-09-29,UK,Google Ads
289,David Kelly,jorge20@bond-hawkins.net,2023-12-17,Germany,Referral
290,Brian Leon,brownkimberly@anderson.com,2024-11-20,Canada,Facebook
291,Maria Aguilar,johnsoncaleb@hotmail.com,2024-05-15,Canada,Facebook
292,Anna Boone,williamssteven@gmail.com,2025-05-23,Germany,Google Ads
293,Samantha Foster,lvega@lewis-lopez.com,2024-05-17,Australia,Organic
294,Amanda Harvey,victor87@miller.com,2024-04-26,Germany,Referral
295,Stephen Fox,wcasey@stephens-washington.org,2024-06-30,USA,Referral
296,Devin Johnson,huangkimberly@stokes.net,2024-03-09,Germany,Google Ads
297,Yvonne Dickson,dianeadams@brown.biz,2024-03-07,Germany,Facebook
298,Wendy Thompson,linda59@warner.org,2024-08-16,Israel,Facebook
299,Travis Copeland,gregory01@gmail.com,2023-12-03,Israel,Referral
300,Alicia Woods,lindsaypeterson@gmail.com,2025-05-19,UK,Facebook
301,Sheena Brown,kimmathis@yu-brooks.biz,2024-09-03,Australia,Facebook
302,Eric Taylor,fconner@stewart.org,2025-02-06,Germany,LinkedIn
303,Max Olsen,jessica42@gmail.com,2024-12-23,Germany,Google Ads
304,Michael Berry,carriemccall@walker.com,2024-02-18,Australia,Facebook
305,Cynthia Haas,underwoodelizabeth@tanner.com,2024-11-25,USA,Facebook
306,David Rodriguez,cruzjessica@wilkerson.biz,2024-03-04,Canada,Organic
307,Ashley Mendoza,shannonlloyd@phillips.com,2023-08-26,Canada,Referral
308,Christopher Bennett,morgantricia@bush-reynolds.com,2024-09-19,Germany,Google Ads
309,Brooke Garcia,robertspencer@fernandez.com,2023-07-14,USA,Referral
310,Joshua Henry,adam14@weber.com,2023-10-16,Australia,Referral
311,Vanessa Wells,kristen77@baker.com,2025-04-23,Germany,Facebook
312,Cody Williams,rbaker@hotmail.com,2023-07-23,Canada,Facebook
313,Michael Davis,larellano@gmail.com,2024-08-08,UK,Facebook
314,James Mills,thomasmiller@hotmail.com,2023-07-02,Germany,Facebook
315,Stephanie Mcbride,averyshane@stanton.com,2023-07-09,USA,Referral
316,William Graham,luis11@hawkins-arnold.com,2024-07-13,Canada,Facebook
317,Shane Buchanan,perryeddie@hotmail.com,2024-08-31,Germany,Google Ads
318,Teresa Buckley,mikayla56@reyes-washington.org,2024-06-07,USA,Facebook
319,Donald Thomas,fosternatasha@hotmail.com,2023-12-07,Germany,LinkedIn
320,John Adams,morganlaura@yahoo.com,2024-01-09,Australia,Organic
321,Shannon Cohen,kevinmanning@adams-butler.com,2023-10-29,USA,Organic
322,Thomas Russell,lori82@gmail.com,2024-02-02,Canada,Facebook
323,Jennifer Deleon,jameswhitaker@wright.com,2025-05-19,USA,Organic
324,Curtis Richardson,hreid@hotmail.com,2023-06-29,USA,Organic
325,John Griffin,max41@yahoo.com,2023-06-27,Australia,Referral
326,Christopher Armstrong,deborahbyrd@pearson-palmer.com,2024-06-08,Germany,Facebook
327,Maria Burke,johnnytrujillo@marquez-fletcher.com,2024-04-30,Canada,Google Ads
328,Sarah Stevens,hturner@sanders.com,2024-08-15,Canada,Organic
329,Lisa Evans,rbrown@nguyen.com,2023-10-30,Australia,Facebook
330,Ralph Yoder,erin07@yahoo.com,2023-12-24,Germany,Referral
331,Jennifer Doyle,jessica38@glover.net,2024-01-25,Israel,Google Ads
332,Sara Walter,connor24@stokes.com,2024-10-26,Canada,Organic
333,Henry Garner,vfrench@yahoo.com,2023-12-25,Canada,Referral
334,Julie Wilson,kennedyjames@dillon.net,2024-01-23,Israel,Referral
335,Seth Hernandez,robert97@stewart.com,2025-01-31,Australia,Referral
336,Gary Hatfield,smithjoshua@gmail.com,2024-08-26,UK,Google Ads
337,Katherine Gallagher,christinaschultz@patterson-woods.com,2023-07-05,USA,Organic
338,Monica Dodson,andrewsmith@hotmail.com,2023-12-16,Israel,LinkedIn
339,Shawn Collins,tgordon@brown.com,2024-01-17,Israel,LinkedIn
340,Joseph Warren,matthewvalenzuela@yahoo.com,2025-01-08,USA,Referral
341,Travis Hull,perezjessica@gmail.com,2023-11-17,Germany,Facebook
342,Leah Jackson,brooksdanielle@hotmail.com,2024-10-02,UK,LinkedIn
343,Zachary Stanley,norrisrobert@martinez-king.com,2023-11-12,Germany,Facebook
344,Lorraine Turner,cindy26@hunt.com,2024-01-11,UK,Google Ads
345,Brian Gonzalez,marie35@ortiz.com,2024-11-21,UK,Google Ads
346,Erin Smith,conleyelizabeth@herring.com,2024-12-19,Israel,Organic
347,Summer Newman,joseph01@gmail.com,2025-04-14,Australia,Facebook
348,Dylan Solis,grodgers@gmail.com,2023-06-13,USA,Referral
349,Mary Jackson,rfriedman@hotmail.com,2023-08-17,Australia,Referral
350,Grant Wilson,ynelson@hotmail.com,2025-03-27,Australia,Google Ads
351,Javier Mercado,andersonjessica@garcia.info,2025-02-18,Canada,LinkedIn
352,Jessica Carr,huffmannichole@hotmail.com,2025-04-28,Germany,Referral
353,Thomas Rodriguez,qwilliams@hotmail.com,2024-02-05,UK,Organic
354,Sean Warren,april91@stanley-wright.com,2024-11-02,Germany,LinkedIn
355,Janice Combs,schneidereric@christian-booth.com,2025-01-09,UK,Google Ads
356,David Cordova Jr.,ppowell@stevens.info,2023-08-13,UK,Organic
357,Jillian Wilson,garciarobert@hotmail.com,2024-08-05,UK,Facebook
358,Brandon Munoz,diamondbryant@yahoo.com,2024-03-14,USA,Referral
359,Ruth Richard,xmoran@hotmail.com,2024-05-22,Canada,LinkedIn
360,Peter Walker,maria48@hotmail.com,2024-03-22,Germany,Facebook
361,Amber Martin,nrodriguez@lopez.com,2024-05-25,Canada,Organic
362,Cheryl Morgan,housemary@hotmail.com,2023-09-09,Canada,Google Ads
363,Joanna Barrett,vsmith@tran.org,2024-06-15,USA,Referral
364,Priscilla Kent,dalesandoval@andrade.org,2025-05-17,Israel,Facebook
365,Danielle Sanders,shawn22@yahoo.com,2024-09-15,Canada,Facebook
366,Nicole Evans,jamesweber@yahoo.com,2024-11-20,Israel,LinkedIn
367,Michael Zavala,jennifer58@aguilar-bender.biz,2024-11-10,USA,Organic
368,Sarah Mitchell,millsanthony@gmail.com,2023-07-17,Germany,Google Ads
369,Christina Christensen,frances20@mueller.com,2025-02-27,Israel,Facebook
370,Luis Lowe,yyoung@roberts.biz,2024-04-24,Australia,LinkedIn
371,Vanessa Edwards,manningjames@greer-pruitt.com,2025-01-12,Germany,Organic
372,Nancy Gonzalez,shane12@moss.biz,2023-07-07,Canada,LinkedIn
373,Justin Anderson,riverajenna@gmail.com,2023-07-07,UK,Organic
374,Frank Williams,jtyler@yahoo.com,2023-08-01,Israel,LinkedIn
375,Emily Robinson,hartmanerik@herrera.com,2024-11-02,USA,Google Ads
376,Isaac Robinson,wilsonmichael@gmail.com,2025-05-08,Canada,Organic
377,Tamara Sanchez,patrick16@fernandez-campbell.net,2025-03-05,Germany,Organic
378,Kayla Hicks,phillipsdenise@yahoo.com,2024-07-09,UK,Referral
379,Brendan Bonilla,clarkcrystal@hancock.com,2023-11-12,Australia,Organic
380,Michele Cherry,burgesseric@yahoo.com,2024-12-13,Germany,LinkedIn
381,Brandon Brown,andrewsjeremy@yahoo.com,2024-04-17,Germany,Google Ads
382,Mark Hamilton,inunez@may.com,2025-01-13,Germany,Organic
383,Amber Charles,robertsgina@hotmail.com,2023-08-12,Australia,LinkedIn
384,Timothy James,omoore@francis.com,2024-10-10,Germany,Organic
385,Michael Sloan,spencerangela@gmail.com,2023-07-08,Australia,Referral
386,Kyle Medina,jason53@whitehead-york.com,2023-10-09,Canada,LinkedIn
387,Luis King,emilybradley@york.info,2024-10-18,USA,LinkedIn
388,Donna Jones,jessicafreeman@howard-lambert.com,2023-08-22,Australia,Organic
389,Benjamin Lee,qmurphy@yahoo.com,2024-11-25,Canada,LinkedIn
390,Krystal Diaz,ujackson@gmail.com,2025-02-05,UK,Organic
391,Patrick Graham,erinrivera@yahoo.com,2024-05-30,Australia,LinkedIn
392,Raymond Tucker,debbiemiller@trevino-taylor.net,2023-11-05,Australia,LinkedIn
393,Stephen Jones,atkinsoncrystal@riley.com,2024-08-07,Germany,LinkedIn
394,Steven Fernandez,philip94@marshall.com,2024-04-09,USA,Google Ads
395,Adam Allen,seanwhite@hopkins.info,2025-06-04,USA,Google Ads
396,Daniel Freeman,mike03@velez.info,2025-04-20,Australia,LinkedIn
397,William Nguyen,beth92@yahoo.com,2024-10-25,Germany,Organic
398,Kevin Villanueva,nicholas38@gomez-parrish.info,2025-02-10,Canada,Facebook
399,Mr. Jonathan Taylor,chrisschneider@hernandez.com,2024-09-15,Canada,Google Ads
400,Bailey Hall,olsontimothy@gmail.com,2024-09-06,Israel,LinkedIn
401,Roy Johnson,ashleymartin@hunt.com,2023-12-23,Germany,Referral
402,Kellie Sullivan,stacey37@haney.biz,2024-09-14,Israel,Organic
403,Kevin Saunders,jennifercooper@yahoo.com,2024-09-11,Australia,Facebook
404,Crystal Cruz,harrismichele@cohen.com,2024-06-09,Germany,Facebook
405,Linda Rich,olsondavid@ryan.biz,2024-07-15,USA,Google Ads
406,Shaun Wolfe,shawnaolson@yahoo.com,2024-03-04,UK,Facebook
407,Natalie Juarez,eanderson@kent.com,2024-09-12,Israel,Facebook
408,Jennifer Lopez,meyernicholas@watts.biz,2024-03-13,Israel,Organic
409,Jeffery Richards,ncunningham@yahoo.com,2024-11-15,Germany,LinkedIn
410,Dalton Arnold,mitchellpeters@yahoo.com,2024-01-30,UK,Referral
411,Patricia Sanders,adkinssean@avery.com,2025-02-17,Australia,Referral
412,Melissa Mann,aoconnell@morrow.org,2024-05-09,Australia,Referral
413,Dennis Wood,zarias@douglas.com,2025-01-26,Israel,Organic
414,Margaret Gonzales,james98@hale.com,2023-12-08,Germany,LinkedIn
415,Vanessa Miller,zgomez@yahoo.com,2024-09-03,Canada,Google Ads
416,Adrian Padilla,jessica89@bailey-ochoa.com,2024-09-18,Germany,Organic
417,Jordan Powell,gregory81@jones.net,2023-12-23,Israel,Google Ads
418,Robin Andrews,xhart@gmail.com,2025-01-14,Germany,Facebook
419,Reginald Maldonado,ewilson@schultz-gamble.com,2025-02-16,UK,Organic
420,Tyler Black,john16@goodman.com,2024-06-10,USA,Google Ads
421,Daniel Berry,victorgonzalez@allen.com,2025-03-16,Germany,Facebook
422,Brittney Rodriguez,waustin@rubio.com,2024-06-22,Canada,Facebook
423,Sierra Andrews,wwhite@hotmail.com,2024-01-09,UK,Organic
424,Paul Anderson,cayers@hotmail.com,2024-03-01,Germany,LinkedIn
425,Michael Thompson,astewart@craig.org,2023-08-23,Australia,Referral
426,Louis Green,josephmullen@yahoo.com,2024-03-16,UK,Organic
427,Jeff Barnes,melissa47@gmail.com,2024-08-22,Israel,LinkedIn
428,Kenneth Perez,linda86@gonzalez-marsh.com,2024-06-07,Israel,Facebook
429,Cassandra Porter,jevans@hotmail.com,2023-07-13,Germany,Facebook
430,Michael Brown,gcombs@yahoo.com,2025-01-04,USA,Google Ads
431,Isaac Castro,andrew15@hotmail.com,2024-09-18,Israel,LinkedIn
432,Kenneth Banks,michael87@griffin.info,2024-10-08,Israel,Organic
433,Sheena Davidson,kwelch@yahoo.com,2025-03-26,UK,LinkedIn
434,Angela Cooper,denise49@hotmail.com,2024-04-08,Germany,Google Ads
435,Jeremy Roy,lgutierrez@gmail.com,2023-09-11,USA,Referral
436,Mary Shepard,garrettgarcia@zuniga.net,2023-07-17,Israel,LinkedIn
437,James Hubbard,bakereric@huynh.com,2024-05-15,Australia,Facebook
438,Bonnie Roberson,alvaradomichelle@lin-mcdonald.net,2025-06-01,Germany,LinkedIn
439,Jeremy Montes,owelch@graham.com,2024-06-14,USA,Google Ads
440,Regina Ramos,tgreen@gmail.com,2023-06-06,Israel,Organic
441,Olivia Taylor,snichols@yahoo.com,2025-01-12,Germany,Referral
442,Adam Jordan,laurakelley@gmail.com,2024-04-20,Israel,Referral
443,Jessica Wright,fwalker@yahoo.com,2024-10-03,USA,Facebook
444,Phillip Kent,deborah84@yahoo.com,2023-10-30,USA,LinkedIn
445,Catherine Roberts,nnelson@yahoo.com,2023-10-29,Canada,Organic
446,Christian Booker,teresacampbell@espinoza.com,2023-12-03,Germany,LinkedIn
447,Adrian Robinson,kristi75@yahoo.com,2024-11-28,Germany,Google Ads
448,Erin Bridges,adamsphilip@harrison.biz,2025-03-10,Israel,LinkedIn
449,William Espinoza,cwright@gmail.com,2024-05-28,Israel,LinkedIn
450,Anna Wade,tprice@moore-chandler.net,2024-07-14,Germany,LinkedIn
451,John Evans,boyerjeff@gmail.com,2023-12-06,Australia,LinkedIn
452,Erika Jackson,fosterjohn@gmail.com,2024-08-30,USA,Organic
453,Karen Carlson,wrightvincent@hotmail.com,2024-09-28,USA,Facebook
454,Wayne Malone,kellyeric@moody.net,2025-02-07,Germany,Referral
455,Hannah Snow,norrismichael@king.info,2024-12-05,Canada,Referral
456,Edward Terry,amymorris@hill-guerra.net,2023-10-08,UK,Organic
457,Christopher Phillips,shawn86@hotmail.com,2023-10-28,Canada,LinkedIn
458,Lisa Diaz,jennifer86@warren.net,2023-10-03,Israel,LinkedIn
459,Erica Davidson,millscarl@white.com,2023-08-28,USA,Google Ads
460,Mr. Kenneth Huff,brandon39@hotmail.com,2023-07-31,USA,Organic
461,Thomas Rios,dowen@grant-hurley.biz,2025-03-05,Australia,Referral
462,Michael Colon,navarromary@gmail.com,2023-11-20,Israel,LinkedIn
463,Anne Hardy,jamessandoval@hotmail.com,2024-10-03,Israel,Organic
464,Kristin Grant,emily61@sparks.biz,2024-07-02,Canada,LinkedIn
465,Christopher Murillo,rachel85@yahoo.com,2024-04-21,UK,Referral
466,Jessica Swanson,nicholaspierce@king.biz,2023-06-06,Canada,Referral
467,Victoria Larson,adam33@smith-short.com,2025-05-19,UK,Facebook
468,Kristie Howe,johnsonmichael@baker.com,2023-12-03,Canada,Referral
469,Eric Duncan,cummingslaura@freeman.org,2025-03-03,Canada,Referral
470,Linda Evans,deleonsandra@yahoo.com,2024-03-02,Canada,LinkedIn
471,Jessica Conrad,julieatkinson@walters.biz,2023-07-18,Canada,Facebook
472,Andrew Fernandez,wayne32@nunez.info,2025-01-10,Australia,LinkedIn
473,Kathy Walker,vhernandez@gmail.com,2024-06-09,Germany,Facebook
474,Amber Ross,xshaw@anderson.info,2024-04-08,USA,Referral
475,Christina Gilbert,charlesfrank@cohen-johnston.com,2024-11-08,Germany,Google Ads
476,Jacob Lee,carrillogary@yahoo.com,2024-09-26,Israel,LinkedIn
477,Rebekah Hanson,glassjesus@hotmail.com,2024-03-22,Germany,Google Ads
478,Nicholas Miller,stacymcintosh@smith-benson.com,2024-01-28,Canada,Facebook
479,Alexander Clark,amychristensen@webb.com,2024-03-24,Germany,LinkedIn
480,Mary Williams,campbellkristina@nelson.com,2024-04-02,Canada,Organic
481,Mary Durham,smithmichelle@hotmail.com,2024-04-01,Australia,Google Ads
482,James Bray,todd98@lopez.info,2024-08-14,Canada,Facebook
483,Alison Wright,tracy20@yahoo.com,2024-11-18,UK,LinkedIn
484,Mario Young,garrettnatasha@gmail.com,2024-08-10,Australia,LinkedIn
485,Courtney Peterson,christopherreyes@hotmail.com,2024-09-23,Israel,Organic
486,Melissa Butler,mwaller@cole-anderson.com,2024-08-30,Australia,Organic
487,Rebecca Huffman,russellstout@gmail.com,2024-10-27,USA,LinkedIn
488,Sylvia Stewart,lonniehobbs@johnson.biz,2024-01-27,Australia,Google Ads
489,Timothy Shannon,kimberlyrodriguez@gmail.com,2023-06-26,UK,Google Ads
490,Lisa Adams,jerryjohnson@watts.com,2024-06-30,Israel,Referral
491,Julie Banks,ihenry@lee.biz,2025-01-19,Israel,Organic
492,Tammy Clements,katherinejones@camacho-burns.com,2025-04-09,Israel,Organic
493,David Sullivan,zcortez@crosby.com,2024-07-14,Israel,LinkedIn
494,Jesus Rich,cterrell@hughes.com,2024-01-18,Canada,Facebook
495,Stephen Ayala,sjackson@hotmail.com,2025-05-19,Australia,Google Ads
496,Jose Thomas,sharpdaniel@hotmail.com,2025-06-03,Australia,Organic
497,Kimberly Long,djohnson@hotmail.com,2025-05-02,Canada,Organic
498,Christina Gibson,heather21@gmail.com,2023-09-02,Canada,Referral
499,Madison Miller,nicholasjames@gmail.com,2025-05-14,Australia,Facebook
500,Seth Huffman,haroldjoseph@parker-cross.info,2024-01-16,Canada,Facebook
